{
  "supervised": {
    "classification_report": {
      "0": {
        "precision": 0.8974358974358975,
        "recall": 1.0,
        "f1-score": 0.9459459459459459,
        "support": 35.0
      },
      "1": {
        "precision": 1.0,
        "recall": 0.2,
        "f1-score": 0.3333333333333333,
        "support": 5.0
      },
      "accuracy": 0.9,
      "macro avg": {
        "precision": 0.9487179487179487,
        "recall": 0.6,
        "f1-score": 0.6396396396396397,
        "support": 40.0
      },
      "weighted avg": {
        "precision": 0.9102564102564102,
        "recall": 0.9,
        "f1-score": 0.8693693693693693,
        "support": 40.0
      }
    },
    "roc_auc": 0.9942857142857143,
    "confusion_matrix": [
      [
        35,
        0
      ],
      [
        4,
        1
      ]
    ]
  },
  "isolation_forest": {
    "classification_report": {
      "0": {
        "precision": 0.9444444444444444,
        "recall": 0.9714285714285714,
        "f1-score": 0.9577464788732394,
        "support": 35.0
      },
      "1": {
        "precision": 0.75,
        "recall": 0.6,
        "f1-score": 0.6666666666666666,
        "support": 5.0
      },
      "accuracy": 0.925,
      "macro avg": {
        "precision": 0.8472222222222222,
        "recall": 0.7857142857142857,
        "f1-score": 0.812206572769953,
        "support": 40.0
      },
      "weighted avg": {
        "precision": 0.920138888888889,
        "recall": 0.925,
        "f1-score": 0.9213615023474178,
        "support": 40.0
      }
    },
    "roc_auc": 0.9428571428571428
  }
}